id,name,isdone,spotifyid
600808,Drake,False,3TVXtAsR1Inumwj472S9r4
706819,Ed Sheeran,False,6eUKZXaKkcviH0Ku9w2n3V
823336,Ariana Grande,False,66CXWjxzNUsdJxJ2JdwvnR
1492430,Bad Bunny,False,4q3ewBCX7sLwd24euuV69X
796889,The Weeknd,False,1Xyo4u8uXC1ZmMpatF05PJ
1258907,Post Malone,False,246dkjvS1zLTtiykXe5h60
634509,Justin Bieber,False,1uNFoZAHBGtllmzznpCI3s
946,Eminem,False,7dGJo4pcD2V6oG8kP0tJRR
399541,Taylor Swift,False,06HL4z0CvFAxyc27GXpf02
803820,J Balvin,False,1vyhD5VmyZ7KMfW5gqLgo5
1025840,BTS,False,3Nrfpe0tUJi4K4DXYWgMUX
127482,Kanye West,False,5K4W6rqBFWDnAN6FQUkS6x
1361541,Billie Eilish,False,6qqNVTkY8uBg9cP3Jd7DAH
1048120,Ozuna,False,1i8SpTcr7yvPOmcqrbnVXY
1445809,Khalid,False,6LuN9FCkKOj5PcnpouEgny
1379442,XXXTENTACION,False,15UsOTVnJzReFVN1VCnxy4
1633635,Juice WRLD,False,4MCBfE4596Uoi2O4DtmEMz
2129,Coldplay,False,4gzpq5DPGxSnKTe4SA8HAU
262731,Rihanna,False,5pKCCKE2ajJHZ9KAiaK11H
894303,Travis Scott,False,0Y5tJX1MQlPlqiwlOH1tJY
870909,Imagine Dragons,False,53XhwfbYqKCa1cC15pYq2q
66179,Maroon 5,False,04gDigrS5kc9YWfZHwBETP
1290968,Dua Lipa,False,6M2wZ9GZgrQXHCFfjv46we
1137257,Shawn Mendes,False,7n2wHs1TKAczGzO7Dd2rGr
204321,Calvin Harris,False,7CajNmpbOovFoOoasH2HaY
30471,David Guetta,False,1Cs0zKBU1kc0i8ypK3B9ai
119241,Daddy Yankee,False,4VMYDCV2IEDYJArk749S6m
529750,Sam Smith,False,2wY79sveU1sp5g7SokKOiI
641206,Bruno Mars,False,0du5cEVh5yTK9QJze8zA0C
1096838,The Chainsmokers,False,69GGBxA162lTqCwzJG5jLp
192,Queen,False,1dfeR4HaWDbWqFHLkxsg1d
762201,Kendrick Lamar,False,2YZyLoL8N0Wb9xBt1NhZWg
422058,Beyoncé,False,6vWDO969PvNqNYHIOW5v0m
240486,Chris Brown,False,7bXgB6jMjp9ATFy66eO08Z
800841,Future,False,1RyvyyTE3xzB2ZywiAwp0i
754656,One Direction,False,4AK6F7OLvEQ5QYCBNiQWHq
100154,Sia,False,5WUlDfRSoLAfcVSX1WnrxN
624088,Nicki Minaj,False,0hCNtLu0JehylgoiP8L4Gh
531923,Lady Gaga,False,1HY2Jd0NmPuamShAr6KMms
1197096,Halsey,False,26VFTg2z8YR0cCuwLzESi2
527517,Selena Gomez,False,0C8ZW7ezQVs4URX5aX7Kqx
650607,J. Cole,False,6l3HvQ5sa6mXTsMTB19rO5
1486832,Anuel AA,False,2R21vXR83lH98kGeO99Y66
303,The Beatles,False,3WrFJ7ztbogyGnTHbHJFl2
839065,twenty one pilots,False,3YQKmKGau1PzlVlkL1iodx
1053251,Maluma,False,1r4hJ1h58CWwUQe3MxPuau
1084840,Kygo,False,23fqKkggKUBHNkbKtXEls4
807928,Marshmello,False,64KEffDW9EtZ1y2vBYgq8T
610590,Avicii,False,1vCWHaC5f2uS3yhpwWbIA6
11330,Linkin Park,False,6XyY86QOPPrYVGvF9ch6wz
1241266,Lil Uzi Vert,False,4O15NlyKLIASxsJ0PrXPfz
315753,Katy Perry,False,6jJ0s89eD6GaHleKKya26X
939035,Camila Cabello,False,4nDoRrQiYLoBzwC5BhVJzF
497084,Adele,False,4dpARuHxo51G3z768sgnrY
828613,Lana Del Rey,False,00FQb4jTyendYWaN8pK0wa
641496,Jason Derulo,False,07YZf4WDAMNwqr4jfgOZ8y
813933,Farruko,False,329e4yvIujISKGKz1BZZbO
527516,Demi Lovato,False,6S2OmqARrzebs0tKUEyXyp
12389,Red Hot Chili Peppers,False,0L8ExT028jH3ddEcZwqJJ5
148108,Nicky Jam,False,1SupJlEpv7RS2tPNRaHViT
1332,Shakira,False,0EmeFodog0BfCgMzAIvKQp
255826,Arctic Monkeys,False,7Ln80lUS6He07XvHI8qqHH
997729,Martin Garrix,False,60d24wfXkVzDSfLS6hyCjZ
867864,G‐Eazy,False,02kJSzxNuaWGqwubyUba0Z
623730,Major Lazer,False,738wLrAtLtCtFOLvQBXOXp
243617,Panic! at the Disco,False,20JZFwl6HVl6yg8a4H3ZqK
359330,Miley Cyrus,False,5YGY8feqx7naU7z4HrwZM6
410667,OneRepublic,False,5Pwc4xIPtQLFEnJriah9YJ
519,Michael Jackson,False,3fMbdgg4jU18AjLCKBhRSm
137803,Pitbull,False,0TnOYISbd1XYRBk9myaseg
656090,Ellie Goulding,False,0X2BH1fck6amBIoJhDVmmJ
1342385,Cardi B,False,4kYSro6naA4h99UJvo89HB
1080570,Charlie Puth,False,6VuMaDnrHyPL1p4EHjYLi7
754692,Harry Styles,False,6KImCVD70vtIoJWnq6nGn3
1290934,Sebastián Yatra,False,07YUOmWljBTXwIseAUd9TW
463597,Wiz Khalifa,False,137W8MRPWKqSmrBGDBFSop
1738027,Rauw Alejandro,False,1mcTU81TzQhprhouKaTkpq
57186,Lil Wayne,False,55Aa2cqylxrFIXC767Z865
1493482,KAROL G,False,790FomKkXshlbRYZFtlgla
1513023,DaBaby,False,4r63FhuTkUYltbVAg5TQnk
942935,Logic,False,4xRYI6VqpkE3UwrDrAZL8L
112461,Fall Out Boy,False,4UXqAaa6dQYAk18Lv7PEgX
1026090,Migos,False,6oMuImdp5ZcFhWP0ESe6mG
998368,Young Thug,False,50co4Is1HCEo8bhOyUWKpn
153653,Diplo,False,5fMUXHkw8R8eOP2RNVYEZX
531656,Tyga,False,5LHRHt1k9lMyONurDHEdrp
1277206,21 Savage,False,1URnnhqYAYcrqrcwql10ft
1313031,Alan Walker,False,7vk5e3vY1uw9plTHJAMwjN
33563,John Mayer,False,0hEurMDQu99nJRq8pTxO14
1557563,Sech,False,77ziqFxp5gaInVrF2lj4ht
93,Metallica,False,2ye2Wgw4gimLv2eAKyk1NB
1554753,Lil Baby,False,5f7VJjfbwm532GiveGC0ZK
309011,Macklemore,False,3JhNCzhSMTxs9WLGJJxWOY
754693,ZAYN,False,5ZsFI1h6hIdQRw2ti0hz81
9751,P!nk,False,1KCSPY1glIKqW2TotWuXOR
923140,DJ Snake,False,540vIaP2JwjQb9dm3aArA4
768034,Zedd,False,2qxJFvFYMEDqd7ui6kSAcq
1358998,Lauv,False,5JZ7CnR6gTvEMKX4g70Amv
765110,Mac Miller,False,4LLpKhyESsyAXpc4laK94U
933991,James Arthur,False,4IWBUUAFIplrNtaOHcJPRM
838181,Little Mix,False,3e7awlrlDSwF3iM0WBjGMp
1852738,Pop Smoke,False,0eDvMgVFoNV3TpwtrVCoTj
1352,ACDC,False,711MCceyCBcFnzjGY4Q7Un
1372423,Lil Peep,False,2kCcBybjl3SAtIcwdWpUe3
1669618,Myke Towers,False,7iK8PXO48WeuP03g8YR51W
1088096,Robin Schulz,False,3t5xRXzsuZmMDkQzgOX35S
981199,5 Seconds of Summer,False,5Rl15oVamLq7FbSb0NNBNy
838288,A$AP Rocky,False,13ubrt8QOOCPljQ2FL1Kca
1287085,Kodak Black,False,46SHBwWsqBkxI7EeeBEQG7
1404376,A Boogie Wit da Hoodie,False,31W5EY0aAly4Qieq6OFu6I
1180526,Doja Cat,False,5cj0lLjcoR7YOSnhnX0Po5
1489322,Trippie Redd,False,6Xgp2XMz1fhVYe7i6yNAax
55795,Justin Timberlake,False,31TPClRtHm23RisEBtV3X7
518244,NF,False,6fOMl44jA4Sp5b9PpYCkzz
825406,Romeo Santos,False,5lwmRuXgjX8xIwlnauTZIP
966690,Metro Boomin,False,0iEtIxbK0KxaSlF7G42ZOp
353670,DJ Khaled,False,0QHgL1lAIqAw0HtD7YldmP
871338,Clean Bandit,False,6MDME20pz9RveH9rEXvrOM
964089,Zara Larsson,False,1Xylc3o4UrD53lo9CvFvVg
796562,Frank Ocean,False,2h93pZq0e7k5yf4dywlkpM
510,Green Day,False,7oPftvlwr6VrsViSDV7fJY
232732,Bob Marley & The Wailers,False,2QsynagSdAqZj3U9HgDzjD
1737262,Anne-Marie,False,
959374,Bebe Rexha,False,64M6ah0SkkRsnPGtGiRAbb
3113,Enrique Iglesias,False,7qG3b048QCHVRO5Pv1T5lw
191988,Tiësto,False,2o5jDhtHVPhrJdv3cEQ99Z
1489317,Lewis Capaldi,False,4GNC7GD6oZMSxPGyXy4MNB
191,Pink Floyd,False,0k17h0D3J5VfsdmQ1iZtE9
1318,Luis Miguel,False,
1116073,blackbear,False,2cFrymmkijnjDg9SS92EPM
1239664,Gunna,False,2hlmm7s2ICUX0LVIhVFlZQ
53808,Luis Fonsi,False,4V8Sr092TqfHkfAA5fXXqG
10910,Black Eyed Peas,False,1yxSLGMDHlW21z4YXirZDS
459158,Flo Rida,False,0jnsk9HBra6NMjO2oANoPY
1258878,Ty Dolla $ign,False,7c0XG5cIJTrrAgEC3ULPiq
825,The Rolling Stones,False,22bE4uQ6baNwSHPVcDxLCe
54,Nirvana,False,6olE6TJLqED3rqDCT0FyPh
236,Elton John,False,3PhoLpVuITZKcymswpck5b
77944,Michael Bublé,False,1GxkXlMwML1oSg5eLPiAz3
167,JAY‐Z,False,3nFkdlSjzX9mRTtwJOzDYB
1480487,YoungBoy Never Broke Again,False,7wlFDEWiM5OoIAt8RSli8b
1798194,Lil Nas X,False,7jVv8c5Fj3E9VhNjxT4snq
1317190,Jonas Blue,False,1HBjj22wzbscIZ9sEb5dyf
1396704,BLACKPINK,False,41MozSoPIsD1dJM0CLPjZF
767971,"Tyler, the Creator",False,4V8LLVI7PbaPR0K2TGSxFF
1014605,Russ,False,1z7b1Pr1rSlvWRzsW3HOrS
1440,Guns N’ Roses,False,3qm84nBOXUEQ2vnTfUTTFC
299,Fleetwood Mac,False,08GQAI4eElDnROBrJRGE0X
812889,Bastille,False,7EQ0qTo7fWT7DPxmxtSYEc
791,Britney Spears,False,26dSoYclwsYLMAKD3tpOr4
830986,Machine Gun Kelly,False,6TIYQ3jFPwQSRmorSezPxX
680671,Childish Gambino,False,73sIBHcqh3Z3NyqHKZ7FOL
450754,Big Sean,False,0c173mlxpT3dSFRgMO8XPh
997433,SZA,False,7tYKF4w9nC0nq9CsPZTHyP
1241665,Alessia Cara,False,2wUjUUtkb5lvLKcGKsKqsR
998962,Anitta,False,7FNnA9vBm6EKceENgCGRMb
248354,Reik,False,0vR2qb8m9WHeZ5ByCbimq2
1752904,Olivia Rodrigo,False,1McMsnEElThX1knmY4oliG
638546,Skrillex,False,5he5w2lnU9x7JFhnwcekXX
988860,Lorde,False,163tK9Wjr9P9DmM0AVK7lm
11553,Usher,False,23zg3TcAtWQy7J6upgbUnj
1242195,$uicideboy$,False,1VPmR4DJC1PlOtd0IADAO0
956,David Bowie,False,0oSGxfWSnnOXhD2fKuz2Gy
541578,Kid Cudi,False,0fA0VVWsXO9YnASrzqfmYu
20544,50 Cent,False,3q7HBObVc0L8jNeTe5Gofh
22532,Gorillaz,False,3AA28KZvwAUcZuOKwyblJQ
1069478,Hozier,False,2FXC3k01G6Gw61bmprjgqS
757263,French Montana,False,6vXTefBL93Dj5IqAWq6OTv
771929,Camilo,False,28gNT5KBp7IjEOQoevXf9N
899493,Becky G,False,4obzFoKoKRHIphyHzJ35G3
898962,Tory Lanez,False,2jku7tDXc6XoB6MO2hFuqg
146720,The Killers,False,0C0XlULifJtAgn6ZNCW2eu
831916,Banda Sinaloense MS de Sergio Lizárraga,False,2C6i0I5RiGzDKN9IAF8reh
176,Foo Fighters,False,7jy3rLJdDQY21OgRLCZ9sD
241,blink‐182,False,6FBDaR13swtiWwGhX1WQsP
111,Mariah Carey,False,4iHNK0tOyZPYnBU7nGAgpQ
824188,Meek Mill,False,20sxb77xiYeusSH8cVdatc
501,Daft Punk,False,4tZwfgrHOc3mvqYlEYSvVi
197,U2,False,51Blml2LZPmy7TTiAg47vQ
176938,John Legend,False,5y2Xq6xcjJb2jVM54GHK3t
1140624,Rae Sremmurd,False,7iZtZyCzp3LItcw1wtPI3D
1131760,Meghan Trainor,False,6JL8zeS1NmiOftqZTRgdTz
388,Led Zeppelin,False,36QJpDe2go2KgaRleHCDTp
1603703,6ix9ine,False,7gZfnEnfiaHzxARJ2LeXrf
866593,Rita Ora,False,5CCwRZC6euC8Odo6y9X8jr
255180,Gucci Mane,False,13y7CgLHjMVRMDqxdx0Xdo
567175,Mumford & Sons,False,3gd8FJtBJtkRxdfbTu19U2
923313,The 1975,False,3mIj9lX2MWuHmhNCA7LSCW
1385354,Luke Combs,False,718COspgdWOnwOFpJHRZHS
1309563,Marília Mendonça,False,1yR65psqiazQpeM79CcGh8
1674209,Ava Max,False,4npEfmQ6YuiwW1GpUmaq3F
24227,Jack Johnson,False,3GBPw9NK25X1Wt2OUvOwY3
1533678,Manuel Turizo,False,0tmwSHipWxN12fsoLcFU3B
1744675,Roddy Ricch,False,757aE44tKEUQEqRuT6GnEB
9698,System of a Down,False,5eAWCfyUhZtHHtBdNk56l1
66,Radiohead,False,4Z8W4fKeB5YxbusRsdQVPb
1180312,Swae Lee,False,1zNqQNIdeOUZHb8zbZRFMX
1129211,Hailee Steinfeld,False,5p7f24Rk5HkUZsaS3BLG5F
2591,Muse,False,12Chz98pHFMPJEknJQMWvI
1279618,Bazzi,False,4GvEc3ANtPPjt1ZJllr5Zl
12640,The Notorious B.I.G.,False,5me0Irg2ANcsgc93uaYrpb
920582,The Neighbourhood,False,77SW9BnxLY8rJ0RciFqkHh
1539,Elvis Presley,False,43ZHCT0cAZBISjO8DG9PnE
177,Snoop Dogg,False,7hJcb9fa4alzcOq3EaNPoG
1085292,Jess Glynne,False,4ScCswdRlyA23odg9thgIO
1088095,Felix Jaehn,False,4bL2B6hmLlMWnUEZnorEtG
101,Frank Sinatra,False,1Mxqyy3pSjf8kZZL4QVxS0
1819344,Polo G,False,6AgTAQt8XS6jRWi4sX7w49
1424271,Joji,False,3MZsBdqDrRTJihTHQrO6Dq
1010888,Julia Michaels,False,0ZED1XzwlLHW4ZaG4lOT6m
273945,Paramore,False,74XFHRwlV6OrjEM0A2NCMF
1290933,Cheat Codes,False,7DMveApC7UnC2NPfPvlHSU
939032,Fifth Harmony,False,1l8Fu6IkuTP0U5QetQJ5Xt
859924,Disclosure,False,6nS5roXSAGhTGr34W6n7Et
803566,Troye Sivan,False,3WGpXCj9YhhfX11TToZcXP
20660,Oasis,False,2DaxqgrOhkeH0fpeiQq2f4
1374,Slipknot,False,05fG473iIaoy82BF1aGhL8
929657,Florida Georgia Line,False,3b8QkneNDz4JHKKKlLgYZg
495,Christina Aguilera,False,1l7ZsJRRS8wlW3WfJfPfNS
1669383,Jhay Cortez,False,0EFisYRi20PTADoJrifHrz
905024,Chance the Rapper,False,1anyVhU62p31KFi8MEzkbf
577669,Jorge & Mateus,False,1elUiq4X7pxej6FRlrEzjM
14423,Bon Jovi,False,58lV9VcRSjABbAbfWS6skp
120177,Don Omar,False,33ScadVnbm2X8kkUqOkC6Z
845770,The Lumineers,False,16oZKvXb6WkQlVAjwo2Wbg
106927,Kings of Leon,False,2qk9voo8llSGYcZ6xrBzKx
571280,Tame Impala,False,5INjqkS1o8h1imAzPqGZBb
1644516,Dalex,False,0KPX4Ucy9dk82uj4GpKesn
511819,Luke Bryan,False,0BvkDsjIUla7X0k6CSWh1I
934240,Tove Lo,False,4NHQUGzhtTLFvgF5SZesLK
24018,Alicia Keys,False,3DiDSECUqqY1AuBP8qtaIa
68173,Jason Mraz,False,4phGZZrJZRo4ElhRtViYdl
541443,The Script,False,3AQRLZ9PuTAozP28Skbq8V
1206587,6LACK,False,4IVAbR2w4JJNJDDRFP3E83
1855977,The Kid LAROI,False,2tIP7SsRs7vjIcLrU85W8J
647066,Glee Cast,False,0SCbttzoZTnLFebDYmAWCm
944543,Melanie Martinez,False,63yrD80RY3RNEM2YDpUpO8
516893,Florence + the Machine,False,1moxjboGR7GNWYIMWsRjgG
1637497,Paulo Londra,False,3vQ0GE3mI0dAaxIMYe5g7z
889440,Natti Natasha,False,1GDbiv3spRmZ1XdM1jQbT7
1519546,Lil Pump,False,3wyVrVrFCkukjdVIdirGVY
1167535,Justin Quiles,False,14zUHaJZo1mnYtn6IBRaRP
1022373,Galantis,False,4sTQVOfp9vEMCemLw50sbu
1638056,Megan thee Stallion,False,181bsRPaVXVlUKXrxwZfHK
452777,Five Finger Death Punch,False,5t28BP42x2axFnqOOMg3CM
813,Bruce Springsteen,False,3eqjTLE0HfPfh78zjh6TqT
12068,Nickelback,False,6deZN1bslXzeGvOLaLMOIF
1101110,Kehlani,False,0cGUm45nv7Z6M6qdXYQGTX
1918,Creedence Clearwater Revival,False,3IYUhFvPQItj6xySrBmZkd
805610,Alesso,False,4AVFqumd2ogHFlRbKIjp1t
304981,Ne‐Yo,False,21E3waRsmPlU7jZsS13rcj
89,Madonna,False,6tbjWDEIzxoDsBA1FuhfPW
1467864,Christian Nodal,False,0XwVARXT135rw8lyw1EeWP
163,2Pac,False,1ZwdS5xdxEREPySFridCfh
1425714,Piso 21,False,4bw2Am3p9ji3mYsXNXtQcd
754690,Niall Horan,False,1Hsdzj7Dlq2I7tHP7501T4
1269383,Bryson Tiller,False,2EMAnMvWE2eb56ToJVfCWs
979,Whitney Houston,False,6XpaIBNiVzIetEPCWDvAFP
1621012,Capital Bra,False,4WZGDpNwrC0vNQyl9QzF7d
1297224,Kane Brown,False,3oSJ7TBVCWMDMiYjXNiCKE
1254571,Playboi Carti,False,699OTQXzgjhIYAHMy9RyPD
34,Rammstein,False,6wWVKhxIU2cEi0K81v7HvP
1318006,Zé Neto & Cristiano,False,487N2T9nIPEHrlTZLL3SQs
910,ABBA,False,0LcJLqbBmaGUft1e9Mm8HV
804367,Gusttavo Lima,False,7MiDcPa6UiV3In7lIM71IN
1409564,NAV,False,7rkW85dBwwrJtlHRDkJDAC
734972,Labrinth,False,2feDdbD5araYcm6JhFHHw7
48734,My Chemical Romance,False,7FBcuc1gsnv6Y1nwFtNRCb
599382,YG,False,0A0FS04o6zMoto8OKPsDwY
895644,Thomas Rhett,False,6x2LnllRG5uGarZMsD4iO8
1030105,Henrique Albino,False,3p7PcrEHaaKLJnPUGOtRlT
1211210,Arcangelo,False,7CZfCnmFRBPanhnBO1ZdMq
713629,Alok,False,0NGAZxHanS9e0iNHpR8f2W
157343,Zion I,False,21451j1KhjAiaYKflxBjr1
347152,Jonas Brothers,False,7gOdHgIoIKoe4i9Tta6qdD
1137671,James Bay,False,4EzkuveR9pLvDVFNx6foYD
1503351,Morat,False,5C4PDR4LnhZTbVnKWXuDKD
244,Disturbed,False,3TOqt5oJwL9BE2NG9MEwDa
1079251,Lenny Tavárez,False,1pQWsZQehhS4wavwh7Fnxd
998861,Vance Joy,False,10exVja0key0uqUkk6LJRT
585303,Kevin Gates,False,1gPhS1zisyXr5dHTYZyiMe
856625,Ryan Lewis,False,4myTppRgh0rojLxx8RycOp
835335,Flume,False,6nxWCVXbOlEVRexSbLsTer
74202,Kelly Clarkson,False,3BmGtnKgCSGYIUhmivXKWX
157386,Wisin,False,3E6xrwgnVfYCrCs0ePERDz
514,Jennifer Lopez,False,2DlGxzQSjYe5N6G9nkYghR
47218,Avril Lavigne,False,0p4nmQO2msCgU4IF37Wi3j
1598431,Lil Skies,False,7d3WFRME3vBY2cgoP38RDo
481,Aerosmith,False,7Ey4PD4MYsKc5I2dolUwbH
281667,Bring Me the Horizon,False,1Ffb6ejR6Fe5IamqA5oRUF
29,Stevie Wonder,False,7guDJrEfX3qb6FEbdPA5qi
124098,Amy Winehouse,False,6Q192DXotxtaysaqNPy5yR
797262,Miguel,False,360IAlyVv4PCEVjgyMZrxK
202,Hans Zimmer,False,0YC192cP3KPCRWx8zr8MfZ
1697501,YNW Melly,False,1cNDP5yjU5vjeR8qMf4grg
38536,Alejandro Fernández,False,6sq1yF0OZEWA4xoXVKW1L9
1834232,Tones and I,False,2NjfBq1NflQcKSeiDooVjY
1195773,Fetty Wap,False,6PXS4YHDkKvl1wkIl4V8DL
39229,Sean Paul,False,3Isy6kedDrgPYoTS1dazA9
486,Backstreet Boys,False,5rSXSAkZ67PYJSvpUpkOr7
1285561,TWICE,False,7n2Ycct7Beij7Dj7meI4X0
554751,Kesha,False,6LqNN22kT3074XbTVUrhzX
1319,Maná,False,7okwEbXzyT2VffBmyQBWLz
1401175,Morgan Wallen,False,4oUHIQIBe0LHzYfvXNW4QM
624860,Jeremih,False,3KV3p5EY4AvKxOlhGHORLg
143296,Yandel,False,0eHQ9o50hj6ZDNBt6Ys1sD
373,Dr. Dre,False,6DPYiyq5kWVQS4RGwxzPC7
157342,Wisin & Yandel,False,1wZtkThiXbVNtj6hee6dz9
104857,Three Days Grace,False,2xiIXseIJcq3nG7C8fHeBj
498835,Steve Aoki,False,77AiFEVeAVj2ORpC85QVJs
262693,Jason Aldean,False,3FfvYsEGaIb52QPXhg4DcH
1511392,Why Don’t We,False,
1343626,Seeb,False,5iNrZmtVMtYev5M9yoWpEq
1016421,George Ezra,False,2ysnwxxNtSgbb9t1m2Ur4j
1055125,Dan + Shay,False,7z5WFjZAIYejWy0NI5lv4T
138,Billy Joel,False,6zFYqv1mOsgBRQbae3JJ9e
769821,Prince Royce,False,3MHaV05u0io8fQbZ2XPtlC
151,Phil Collins,False,4lxfqrEsLX6N1N4OCSkILp
190,Pearl Jam,False,1w5Kfo2jwwIPruYS2UWh56
163726,Akon,False,0z4gvV4rjIZ9wHck67ucSV
217006,Trey Songz,False,2iojnBLj0qIMiKPvVhLnsH
11386,Eagles,False,0ECwFtbIWEVNwjlrfc6xoL
387,Johnny Cash,False,6kACVPfCOnqzgfEF5ryl0x
754645,Jessie J,False,2gsggkzM5R49q6jpPvazou
1839407,Lil Tecca,False,4Ga1P7PMIsmqEZqhYZQgDo
1726000,Lil Mosey,False,5zctI4wO9XSKS8XwcnqEHk
1161927,Wesley Safadão,False,
629401,benny blanco,False,5CiGnKThu5ctn9pBxv7DGa
972540,Passenger,False,0gadJ2b9A4SKsB1RFkBb66
650387,Lin‐Manuel Miranda,False,4aXXDj9aZnlshx7mzj3W1N
881185,Lukas Graham,False,25u4wHJWxCA9vO0CzxAbK7
1364856,CNCO,False,0eecdvMrqBftK0M1VKhaF4
71902,Avenged Sevenfold,False,0nmQIMXWTXfhgOBdNzhGOs
368,The Offspring,False,5LfGQac0EIXyAN8aUwmNAQ
1560062,Nio García,False,5hdhHgpxyniooUiQVaPxQ0
1277539,Matheus Mota,False,2Z0lRIqr997lIUiPtrpKCr
112605,Mark Ronson,False,3hv9jJF3adDNsBSIQDqcjp
30696,The Strokes,False,0epOFNiUfyON9EYx7Tpr6V
1122478,Lizzo,False,56oDRnqbIiwx4mymNEv7dS
843338,2 Chainz,False,17lzZA2AlOHwCwFALHttmp
139,Céline Dion,False,4S9EykWXhStSc15wEx8QFK
1819690,Lil Tjay,False,6jGMq4yGs7aQzuGsMgVgZR
330,Ricky Martin,False,7slfeZO9LsJbWgpkIoXBUJ
727869,Foster the People,False,7gP3bB2nilZXLfPHJhMdvc
1331,Ricardo Arjona,False,0h1zs4CTlU9D2QtgPxptUD
9804,Train,False,3FUY2gzHeIiaesXtOAdB7A
17,Bob Dylan,False,74ASZWbe4lXaubB36ztrGX
786252,ScHoolboy Q,False,5IcR3N7QB1j6KBL8eImZ8m
799435,Pablo Alborán,False,5M9Bb4adKAgrOFOhc05Y50
618346,Rudimental,False,4WN5naL3ofxrVBgFpguzKo
1083137,Jul,False,3IW7ScrzXmPvZhB27hmfgy
1457971,H.E.R.,False,3Y7RZ31TRPVadSFVy1o8os
1851042,24kGoldn,False,6fWVd57NKTalqvmjRd2t8Z
847007,Pentatonix,False,26AHtbjWKiwYzsoGoUZq53
1684,Marc Anthony,False,4wLXwxDeWQ8mtUIRPxGiD6
212204,James Blunt,False,7KMqksf0UMdyA0UCf4R3ux
1104420,Macklemore & Ryan Lewis,False,5BcAKTbp20cv7tC5VqPFoC
51840,Armin van Buuren,False,0SfsnGyD8FpIN4U4WCkBZ5
57111,Aventura,False,1qto4hHid1P71emI6Fd8xi
1165290,Daniel Caesar,False,20wkVLutqVOYrc0kxFs7rA
1340731,Lil Yachty,False,6icQOAFXDZKsumw3YXyusw
10262,Alejandro Sanz,False,5sUrlPAHlS9NEirDB8SEbF
470713,Bon Iver,False,4LEiUm1SRbFMgfqnQTwUbQ
1141979,Sam Hunt,False,2kucQ9jQwuD8jWdtR9Ef38
754688,Liam Payne,False,5pUo3fmmHT8bhCyHE52hA6
233,Dire Straits,False,0WwSkZ7LtFUFjGjMZBMt6T
1063068,Offset,False,4DdkRBBYG6Yk9Ka8tdJ9BW
1670724,Duki,False,1bAftSH8umNcGZ0uyV7LMg
3031,Nelly,False,2gBjLmx6zQnFGQJCAQpRgw
857223,Jhené Aiko,False,5ZS223C6JyBfXasXxrRqOk
1063065,Quavo,False,0VRj0yCOv2FXJNP47XQnx5
379719,Zac Brown Band,False,6yJCxee7QumYr820xdIsjo
1351418,BROCKHAMPTON,False,1Bl6wpkWCQ4KVgnASpvzzA
156,Bryan Adams,False,3Z02hBLubJxuFJfhacLSDc
161309,Cartel de Santa,False,
1510605,Ski Mask the Slump God,False,2rhFzFmezpnW82MNqEKVry
42916,Blake Shelton,False,1UTPBmNbXNTittyMJrNkvw
1022186,PARTYNEXTDOOR,False,2HPaUgqeutzr3jx5a9WyDV
59036,The Black Keys,False,7mnBLXK823vNxN3UWB7Gfz
48183,Carlos Vives,False,4vhNDa5ycK0ST968ek7kRr
677828,Mike Posner,False,2KsP6tYLJlTBvSUxnwlVWa
1047489,The Vamps,False,7gAppWoH7pcYmphCVTXkzs
626805,R3HAB,False,6cEuCEZu7PAE9ZSzLLc2oQ
1697548,Don Toliver,False,4Gso3d4CscCijv0lmajZWs
698756,Charli XCX,False,25uiPmTg16RbhZWAqwLBy5
991,Bee Gees,False,1LZEQNv7sE11VDY3SdxQeN
1252793,Ninho,False,6Te49r3A6f5BiIgBRxH7FH
1473115,Dean Lewis,False,3QSQFmccmX81fWCUSPTS7y
822,The Police,False,5NGO30tJxFlKixkPSgXcFE
962,Marvin Gaye,False,3koiLjNrgRTNbOwViDipeA
795784,Birdy,False,2WX2uTcsvV5OnS0inACecP
1227339,ILLENIUM,False,45eNHdiiabvmbp4erw26rg
595413,Boyce Avenue,False,7CQwac16i1W5ej8YpuL3dv
1179459,Lost Frequencies,False,7f5Zgnp2spUuuzKplmRkt7
1947,Skillet,False,49bzE5vRBRIota4qeHtQM8
1689884,Danny Ocean,False,5H1nN1SzW0qNeUEZvuXjAj
10042,Iron Maiden,False,6mdiAmATAx73kdxrNrnlao
968752,Lil Durk,False,3hcs9uc56yIGFCSy9leWe7
1460651,Jack Harlow,False,2LIk90788K0zvyj2JJVwkJ
21916,Tim McGraw,False,6roFdX1y5BYSbp60OTJWMd
51876,Rise Against,False,6Wr3hh341P84m3EI8qdn9O
1317804,Maren Morris,False,6WY7D3jk8zTrHtmkqqo5GI
94,John Williams,False,3dRfiJ2650SZu6GbydcHNb
838293,A$AP Ferg,False,5dHt1vcEm9qb8fCyLcB3HL
44318,T.I.,False,4OBJLual30L7gRl5UkeRcT
608462,Carly Rae Jepsen,False,6sFIWsNpZYqfjUpaCgueju
928797,Bradley Cooper,False,4VIvfOurcf0vuLRxLkGnIG
48426,Juanes,False,0UWZUmn7sybxMCqrw9tGa7
1757,The Doors,False,22WZ7M8sxp5THdruNY3gXt
864994,Iggy Azalea,False,5yG7ZAZafVaAlMTeBybKAL
714072,Glass Animals,False,4yvcSjfu4PC0CYQyLy4wSq
818141,alt‐J,False,3XHO7cRUPCLOr6jwp8vsx5
74910,Bibi Bourelly,False,
530516,Cage the Elephant,False,26T3LtbuGT1Fu9m0eRq5X3
1130852,Anderson .Paak,False,3jK9MiCrA42lLAdMGUZpwa
446,Weezer,False,3jOstUTkEu2JkjvRdBA5Gu
20861,Soda Stereo,False,7An4yvF7hDYDolN4m5zKBp
1477650,Alec Benjamin,False,5IH6FPUwQTxPSXurCrcIov
1289879,LANY,False,49tQo2QULno7gxHutgccqF
1276260,Mabel,False,1MIVXf74SZHmTIp4V4paH4
1260481,Sigala,False,1IueXOQyABrMOprrzwQJWN
33900,Hillsong Worship,False,3SgHzT552wy2W8pNLaLk24
1658,Journey,False,0rvjqX7ttXeg3mTy8Xscbt
21415,Kenny Chesney,False,3grHWM9bx2E9vwJCdlRv9O
366866,Eric Church,False,2IvkS5MXK0vPGnwyJsrEyV
931749,La Arrolladora Banda El Limón de René Camacho,False,
960795,Nick Jonas,False,4Rxn7Im3LGfyRkY2FlHhWi
1526784,Jeremy Zucker,False,3gIRvgZssIb9aiirIg0nI3
1042416,Madison Beer,False,2kRfqPViCqYdSGhYSM9R0Q
926,The Cure,False,7bu3H8JO7d0UbMoVzbo70s
816695,Calibre 50,False,4jogXSSvlyMkODGSZ2wc2P
1441180,SAINt JHN,False,0H39MdGGX6dbnnQPt6NQkZ
777891,RAF Camora,False,0Dvx6p8JDyzeOPGmaCIH1L
1519953,Rex Orange County,False,7pbDxGE6nQSZVfiFdq9lOL
1432528,Noah Cyrus,False,55fhWPvDiMpLnE4ZzNXZyW
1574933,Mau y Ricky,False,2wkoKEfS6dXwThbyTnZWFU
1092430,MAGIC!,False,0DxeaLnv6SyYk2DOqkLO8c
624480,The xx,False,3iOvXCl6edW5Um0fXEBRXy
868677,Arijit Singh,False,4YRxDV8wJFPHPTeXepOstw
40269,Norah Jones,False,2Kx7MNY7cI1ENniW7vT30N
1801149,Lunay,False,47MpMsUfWtgyIIBEFOr4FE
1388488,ROSALÍA,False,7ltDVBr6mKbRvohxheJ9h1
1167607,Sam Feldt,False,20gsENnposVs2I4rQ5kvrf
468,Destiny’s Child,False,1Y8cdNmUJH7yBTd9yOvr5i
913502,JP Cooper,False,4kYGAK2zu9EAomwj3hXkXy
1018410,Jon Bellion,False,50JJSqHUf2RQ9xsHs0KMHg
883129,EXO,False,3cjEqqelV9zb4BYE3qDQ4O
11632,Juan Gabriel,False,2MRBDr0crHWE5JwPceFncq
938,Eric Clapton,False,6PAt558ZEZl0DmdXlnjMgD
1823598,iann dior,False,6ASri4ePR7RlsvIQgWPJpS
898706,Kid Ink,False,6KZDXtSj0SzGOV705nNeh3
939037,Normani,False,2cWZOOzeOm4WmBJRnD5R7I
2122,Paul McCartney,False,4STHEaNw4mPZ2tzheohgXB
1007140,X Ambassadors,False,3NPpFNZtSTHheNBaWC82rB
1031390,Rich the Kid,False,1pPmIToKXyGdsCF6LmqLmI
497122,Jesse Cook,False,1mX1TWKpNxDSAH16LgDfiR
1112124,Dimitri Vegas & Like Mike,False,73jBynjsVtofjRpdpRAJGk
129,Simon & Garfunkel,False,70cRZdQywnSFp9pnc2WTCE
1404279,Aminé,False,3Gm5F95VdRxW3mqCn8RPBJ
951571,Chris Stapleton,False,4YLtscXsxbVgi031ovDDdh
317,Depeche Mode,False,762310PdDnwsDxAQxzQkfX
1122395,Ufo361,False,5pVRwX5ZQR7hfJ18w8ZYkl
364930,Grey,False,
1208783,PNL,False,3NH8t45zOTqzlZgBvZRjvB
1591692,Conan Gray,False,4Uc8Dsxct0oMqx0P6i60ea
525,Outkastz,False,1G9G7WwrXka3Z1r7aIDjI7
51856,Breaking Benjamin,False,5BtHciL0e0zOP7prIHn3pP
1229749,Matoma,False,4YXycRbyyAE0wozTk7QMEq
352,Korn,False,3RNrq3jvMZxD9ZyoOZbQOD
331473,Hillsong UNITED,False,74cb3MG0x0BOnYNW1uXYnM
1801430,NLE Choppa,False,0ErzCpIMyLcjPiwT4elrtZ
975013,Becky Hill,False,4EPJlUEBy49EX1wuFOvtjK
1099337,Jax Jones,False,4Q6nIcaBED8qUel8bBx6Cr
203152,The Game,False,0NbfKEOTQCcwd6o7wSDOHI
1135,The Beach Boys,False,3oDbviiivRWhXwIE8hxkVV
1311809,Maiara & Maraisa,False,59jlthNnbmim5l9tmNA7se
745888,AJR,False,6s22t5Y3prQHyaHWUN1R1C
277964,Volbeat,False,0L5fC7Ogm2YwgqVCRcF1bT
184,Jimi Hendrix,False,776Uo845nYHJpNaStv1Ds4
400,Papa Roach,False,4RddZ3iHvSpGV4dvATac9X
1010609,Sabrina Carpenter,False,74KM79TiuVKeVCqs8QtB0B
353667,Rick Ross,False,1sBkRIssrMs1AbVkOJbc7a
10302,R.E.M.,False,4KWTAlx2RvbpseOGMEmROg
2103723,Os Barões da Pisadinha,False,5Lv2GUVwqmQBPwrTrxucE5
1276156,DNCE,False,6T5tfhQCknKG4UnH90qGnz
1243587,Bonez MC,False,1aS5tqEs9ci5P9KD9tZWa6
596411,B.o.B,False,5ndkK3dpZLKtBklKjxNQwT
729961,Christina Perri,False,7H55rcKCfwqkyDFH9wpKM6
1456211,KYLE,False,4qBgvVog0wzW75IQ48mU7v
260777,The Fray,False,0zOcE3mg9nS6l3yxt1Y0bK
1975382,Imanbek,False,5rGrDvrLOV2VV8SCFVGWlj
771509,Years & Years,False,5vBSrE1xujD2FXYRarbAXc
327907,Juan Magán,False,1ackd5XprZEkH3McKbQD51
142,George Michael,False,19ra5tSw0tWufvUp8GotLo
596594,MARINA,False,6CwfuxIqcltXDGjfZsMd9A
1696271,Summer Walker,False,57LYzLEk2LcFghVwuWbcuS
1341448,Calum Scott,False,6ydoSd3N2mwgwBHtF6K7eX
2935,Robbie Williams,False,2HcwFjNelS49kFbfvMxQYw
34802,Ludovico Einaudi,False,2uFUBdaVGtyMqckSeCl0Qj
112394,Shinedown,False,70BYFdaZbEKbeauJ670ysI
1670255,bbno$,False,41X1TR6hrK8Q2ZCpp2EqCz
232670,All Time Low,False,46gyXjRIvN1NL1eCB8GBxo
924,Van Morrison,False,44NX2ffIYHr6D4n7RaZF7A
824,Lynyrd Skynyrd,False,4MVyzYMgTwdP7Z49wAZHx0
306739,Hollywood Undead,False,0CEFCo8288kQU7mJi25s6E
1747885,KHEA,False,4m6ubhNsdwF4psNf3R8kwR
1138147,Stormzy,False,2SrSdSvpminqmStGELCSNd
9764,"Earth, Wind & Fire",False,4QQgXkCYTt3BlENzhyNETg
819657,Of Monsters and Men,False,4dwdTW1Lfiq0cM8nBAqIIz
1120152,Axwell Λ Ingrosso,False,2XnBwblw31dfGnspMIwgWz
32857,Keith Urban,False,0u2FHSq3ln94y5Q57xazwf
1867874,Bizarrap,False,716NhGYqD1jl2wI1Qkgq36
253121,A Day to Remember,False,4NiJW4q9ichVqL1aUsgGAN
1165558,TOTO,False,
1505352,Rels B,False,2IMZYfNi21MGqxopj9fWx8
37921,Daryl Hall & John Oates,False,77tT1kLj6mCWtFNqiOmP9H
1586989,Måneskin,False,0lAWpj5szCSwM4rUMHYmrr
294212,T‐Pain,False,3aQeKQSyrW4qWr35idm0cy
778881,Andy Grammer,False,2oX42qP5ineK3hrhBECLmj
23514,Vicente Fernández,False,4PPoI9LuYeFX8V674Z1R6l
381,Rage Against the Machine,False,2d0hyoQ5ynDBnkvAbJKORj
1309920,Aya Nakamura,False,7IlRNXHjoOCgEAWN5qYksg
1158,The Smiths,False,3yY2gUcIsjMr8hjo51PoJ8
1276740,PnB Rock,False,21WS9wngs9AqFckK7yYJPM
1525242,Dermot Kennedy,False,5KNNVgR6LBIABRIomyCwKJ
1419,Black Sabbath,False,5M52tdBnJaKSvOpJGz8mfZ
931370,Kodaline,False,4BxCuXFJrSWGi1KHcVqaU4
158,The Cranberries,False,7t0rwkOPGlDPEhaOcVtOt9
22351,The White Stripes,False,4F84IBURUo98rz4r61KF70
1489816,Brytiago,False,00XhexlJEXQstHimpZN910
1605,Scorpions,False,27T030eWyCQRmDyuvr1kxY
936546,ODESZA,False,21mKp7DqtSNHhCAU2ugvUw
1015506,Milky Chance,False,1hzfo8twXdOegF3xireCYs
1754107,Tate McRae,False,45dkTj5sMRSjrmBSBeiHym
1860445,Gimson,False,039lBiQbZENaF2VYV70eT2
153,Prince,False,5a2EaR3hamoenG9rDuVn8j
1016480,Mustard,False,0YinUQ50QDB7ZxSCLyQ40k
1321872,Rag’n’Bone Man,False,4f9iBmdUOhQWeP7dcAn1pf
780663,Pedro Capó,False,4QVBYiagIaa6ZGSPMbybpy
1282361,El Alfa,False,2oQX8QiMXOyuqbcZEFsZfm
782,Van Halen,False,2cnMpRsOVqtPMfq7YiFE6K
788324,WALK THE MOON,False,6DIS6PRrLS3wbnZsf7vYic
54739,Los Ángeles Azules,False,0ZCO8oVkMj897cKgFH7fRW
1460,Aretha Franklin,False,7nwUJBm0HE4ZxD3f5cy5ok
179,Shaggy,False,5EvFsr3kj42KNv97ZEnqij
250553,Carrie Underwood,False,4xFUf1FHVy696Q1JQZMTRj
88,Enya,False,6uothxMWeLWIhsGeF7cyo4
235127,Sabaton,False,3o2dn2O0FCVsWDFSh8qxgG
1360628,gnash,False,3iri9nBFs9e4wN7PLIetAw
821945,Hardwell,False,6BrvowZBreEkXzJQMpL174
86296,Don Diablo,False,1l2ekx5skC4gJH8djERwh1
1784564,MEDUZA,False,0xRXCcSX89eobfrshSVdyu
397,Sublime,False,0EdvGhlC1FkGItLOWQzG4J
1296270,Damso,False,2UwqpfQtNuhBwviIC0f2ie
4541,Rod Stewart,False,2y8Jo9CKhJvtfeKOsYzRdT
1717882,Samra,False,6h1s4i4XKIYv4ErDelLDN0
1200229,Kali Uchis,False,1U1el3k54VvEUzo3ybLPlM
759310,Nacho,False,2ayNSoKPCRAfjp6hQ76hRu
1632,George Strait,False,5vngPClqofybhPERIqQMYd
64482,Evanescence,False,5nGIFgo0shDenQYSE0Sn7c
867075,Mac DeMarco,False,3Sz7ZnJQBIHsXLUSo0OQtM
15092,Sum 41,False,0qT79UgT5tY4yudH9VfsdT
809281,C. Tangana,False,5TYxZTjIPqKM8K8NuP9woO
14310,Nelly Furtado,False,2jw70GZXlAI8QzWeY2bgRc
672931,De La Ghetto,False,3EiLUeyEcA6fbRPSHkG5kb
1366235,Sfera Ebbasta,False,23TFHmajVfBtlRx5MXqgoz
576982,Two Door Cinema Club,False,536BYVgOnRky0xjsPT96zl
292299,MGMT,False,0SwO7SWeDHJijQ3XNS7xEE
1325612,Ella Mai,False,7HkdQ0gt53LP4zmHsL0nap
188,Ozzy Osbourne,False,6ZLTlhejhndI4Rh53vYhrY
454711,Colbie Caillat,False,6aZyMrc4doVtZyKNilOmwu
1327733,Desiigner,False,
2884,R. Kelly,False,2mxe0TnaNL039ysAj51xPQ
1331271,Jorja Smith,False,1CoZyIx7UvdxT5c8UkMzHd
1489813,Noriel,False,3RtNN1VnooWEn3KQk03DUL
1138435,Red Velvet,False,1z4g3DjTBBZKhvAroFlhOM
868899,Cali y El Dandee,False,5DUlefCLzVRzNWaNURTFpK
32103,Rascal Flatts,False,0a1gHP0HAqALbEyxaD5Ngn
1763,3 Doors Down,False,2RTUTCvo6onsAnheUk3aL9
754689,Louis Tomlinson,False,57WHJIHrjOE3iAxpihhMnp
163502,Melendi,False,1EXjXQpDx2pROygh8zvHs4
227182,Gotye,False,2AsusXITU8P25dlRNhcAbG
138838,Dave,False,
1232655,Astrid S,False,3AVfmawzu83sp94QW7CEGm
1449594,Arizona Zervas,False,0vRvGUQVUjytro0xpb26bs
1184330,RAYE,False,5KKpBU5eC2tJDzf0wmlRp2
187,Marilyn Manson,False,2VYQTNDsvvKN9wmU5W7xpj
152721,Sido,False,4Yttlv9ndGjCDCVLqM7ACq
1532993,Kevinho,False,1mXAhKnZEdF6rotyyd4GBi
437457,Vampire Weekend,False,5BvJzeQpmsdsFp4HGUYUEx
933539,MØ,False,0bdfiayQAKewqEvaU6rXCv
1528435,Clairo,False,3l0CmX0FuQjFxr8SK7Vqag
1220040,Joyner Lucas,False,6C1ohJrd5VydigQtaGy5Wa
20651,Luciano,False,3Vszg64mczF1dWEcW2dU5W
2333,The Clash,False,3RGLhK1IP9jnYFH4BRFJBS
1808875,Goodboys,False,2nm38smINjms1LtczR0Cei
1239158,OMI,False,5MouCg6ta7zAxsfMEbc1uh
251,Limp Bizkit,False,165ZgPlLkK7bf5bDoFc6Sb
77161,M83,False,63MQldklfxkjYDoUE4Tppz
32283,Joan Sebastian,False,
1041633,Mike WiLL Made‐It,False,0NWbwDZY1VkRqFafuQm6wk
207671,Pharrell Williams,False,2RdwBSPQiwcmiDo9kixcl8
123172,Sleeping at Last,False,
11650,The Smashing Pumpkins,False,40Yq4vzPs9VNUrIBG5Jr2i
771896,Jaden,False,0xOeVMOz2fVg5BJY3N6akT
51703,Thirty Seconds to Mars,False,0RqtSIYZmd4fiBKVFqyIqD
167543,The Kooks,False,1GLtl8uqKmnyCWxHmw9tL4
761147,Lord Huron,False,6ltzsmQQbmdoHHbLZ4ZN25
316739,Portugal. The Man,False,4kI8Ie27vjvonwaB2ePh8T
665024,Olly Murs,False,3whuHq0yGx60atvA2RCVRW
211,Lauryn Hill,False,2Mu5NfyYm8n5iTomuKAEHl
1435255,Stefflon Don,False,2ExGrw6XpbtUAJHTLtUXUD
1210602,Jessie Reyez,False,3KedxarmBCyFBevnqQHy3P
1591256,El Fantasma,False,0my6Pg4I28dVcZLSpAkqhv
1452496,Loud Luxury,False,6t1gpxYbY8OlLA7D2RiikQ
136,Annie Lennox,False,5MspMQqdVbdwP6ax3GXqum
833798,Carlos Rivera,False,
1577687,Stray Kids,False,2dIgFjalVxs4ThymZ67YCE
878693,Joey Bada$$,False,2P5sC9cVZDToPxyomzF1UH
904328,Kontra K,False,4lDiJcOJ2GLCK6p9q5BgfK
10527,Westlife,False,5Z1CCuBsyhEHngq3U5IraY
727129,Luan Santana,False,3qvcCP2J0fWi0m0uQDUf6r
243162,Michael Silverman,False,
643372,Topic,False,0u6GtibW46tFX7koQ6uNJZ
11783,Queens of the Stone Age,False,4pejUc4iciQfgdX6OKulQn
511606,Owl City,False,07QEuhtrNmmZ0zEcqE9SF6
500,DMX,False,1HwM5zlC5qNWhJtM00yXzG
30244,Snow Patrol,False,3rIZMv9rysU7JkLzEaC5Jp
120947,Keane,False,53A0W3U0s8diEn9RhXQhVz
801011,Gerardo Ortiz,False,4J13m9IZh03PEhoxAxRhXO
113525,Dierks Bentley,False,7x8nK0m0cP2ksQf0mjWdPS
159756,Halfcrash,False,5xd2Tg7Zo8755eCy8Gxkp8
55630,Kelly Rowland,False,3AuMNF8rQAKOzjYppFNAoB
549575,Afrojack,False,4D75GcNG95ebPtNvoNVXhz
365,Incubus,False,3YcBF2ttyueytpXtEzn1Za
1209338,Gryffin,False,2ZRQcIgzPCVaT9XKhXZIzh
1847605,Apache 207,False,1qQLhymHXFPtP5U8KNKsm6
188156,Ciara,False,2NdeV5rLm47xAvogXrYhJX
1808636,Powfu,False,6bmlMHgSheBauioMgKv2tn
1471597,Tee Grizzley,False,6AUl0ykLLpvTktob97x9hO
928102,Kacey Musgraves,False,70kkdajctXSbqSMJbQO424
1013826,Lil Dicky,False,1tqhsYv8yBBdwANFNzHtcr
253598,Yo Gotti,False,6Ha4aES39QiVjR0L2lwuwq
39751,Los Tigres del Norte,False,3hYtANQYrE6pd2PbtEyTIy
1854628,Ali Gatie,False,4rTv3Ejc7hKMtmoBOK1B4T
32111,Gigi D’Agostino,False,1OAjDaKgg00KCUYqDe68un
136091,Aloe Blacc,False,0id62QV2SZZfvBn9xpmuCl
828457,Nekfeu,False,4LXBc13z5EWsc5N32bLxfH
931159,Tom Odell,False,2txHhyCwHjUEpJjWrEyqyX
287019,Cosculluela,False,
169160,Santana,False,6GI52t8N5F02MxU0g5U69P
1851043,Trevor Daniel,False,7uaIm6Pw7xplS8Dy06V6pT
3198,KISS,False,07XSN3sPlIlB2L2XNcTwJw
1677471,Rod Wave,False,45TgXXqMDdF8BkjA83OM7z
258959,MAX,False,
1330478,Quinn XCII,False,3ApUX1o6oSz321MMECyIYd
157830,Sara Bareilles,False,2Sqr0DXoaYABbjBo9HaMkM
118813,Stefan Wolf,False,61qDotnjM0jnY5lkfOP7ve
1094970,SEVENTEEN,False,7nqOGRxlXj7N2JYbgNEjYH
848315,Elevation Worship,False,3YCKuqpv9nCsIhJ2v8SMix
83,Fryderyk Chopin,False,7y97mc3bZRFXzT2szRM4L4
528363,Wale,False,67nwj3Y5sZQLl72VNUHEYE
1760202,Blueface,False,3Fl1V19tmjt57oBdxXKAjJ
1301297,Thalia,False,
701111,tINI,False,
874303,Conor Maynard,False,6mU8ucezzms5I2kNH6HNlu
1974150,Jay Wheeler,False,2cPqdH7XMvwaBJEVjheH8g
1951861,Natanael Cano,False,0elWFr7TW8piilVRYJUe4P
645007,Danna Paola,False,5xSx2FM8mQnrfgM1QsHniB
704701,Swedish House Mafia,False,1h6Cn3P4NGzXbaXidqURXs
320853,Zoé,False,6IdtcAwaNVAggwd6sCKgTI
36594,Mötley Crüe,False,0cc6vw3VN8YlIcvr1v7tBL
620911,fun.,False,5nCi3BB41mBaMH9gfr6Su0
723178,Ben Howard,False,5schNIzWdI9gJ1QRK8SBnc
1197532,Old Dominion,False,6y8XlgIV8BLlIg1tT1R10i
2650,Wham!,False,5lpH0xAS4fVfLkACg9DAuM
1489814,Bryant Myers,False,6w9ToX5slZ4uIdmD17hJ3c
1402446,ANAVITÓRIA,False,1sPg5EHuQXTMElpZ4iUgXe
854612,Willy William,False,4RSyJzf7ef6Iu2rnLdabNq
518096,Lady A,False,32WkQRZEVKSzVAAYqukAEA
155855,Booba,False,58wXmynHaAWI5hwlPZP3qL
404925,Kollegah,False,6gto7HVNhu4ARE3P3g8Y5Y
693689,Gente de Zona,False,2cy1zPcrFcXAJTP0APWewL
931443,CHVRCHES,False,3CjlHNtplJyTf9npxaPl5w
1306737,Martin Jensen,False,
1455831,Moneybagg Yo,False,3tJoFztHeIJkJWMrx0td2f
2388,Nas,False,20qISvAhX20dpIbOOzGK3q
1279068,Daya,False,6Dd3NScHWwnW6obMFbl1BH
410737,Leona Lewis,False,5lKZWd6HiSCLfnDGrq9RAm
633,La Oreja de Van Gogh,False,4U7lXyKdSf1JbM1aXvsodC
122374,Sufjan Stevens,False,4MXUO7sVCaFgFjoTI5ox5c
859939,Bethel Music,False,26T4yOaOoFJvUvxR87Y9HO
65422,Gwen Stefani,False,4yiQZ8tQPux8cPriYMWUFP
1598916,Casper Mágico,False,1fux65HMCBvfJHqlBc4Nno
883941,Chief Keef,False,15iVAtD3s3FsQR4w1v6M0P
63498,The Jackson 5,False,2iE18Oxc8YSumAU232n4rW
1486831,Darell,False,1TtXnWcUs0FCkaZDPGYHdf
363089,Fergie,False,3r17AfJCCUqC9Lf0OAc73G
1270576,Niska,False,7CUFPNi1TU8RowpnFRSsZV
540613,Lee Brice,False,5Zq7R5qmi58ByYyBQTlNuk
815,John Lennon,False,4x1nvY2FN8jxqAFA0DA02H
1152310,Jack Ü,False,1HxJeLhIuegM3KgvPn8sTa
1439722,Felipe Araújo,False,47uyFQHOD02S0lj9ptRpoB
929841,Denzel Curry,False,6fxyWrfmjcbj5d12gXeiNV
69148,Bruno & Marrone,False,5JXhkyafynxCvxtov7C1PV
983,Sting,False,0Ty63ceoRnnJKVEYP0VQpk
164813,Arcade Fire,False,3kjuyTCjPG1WMFCiyc5IuB
166,Ice Cube,False,3Mcii5XWf6E0lrY3Uky4cA
964,Neil Young,False,6v8FB84lnmJs434UJf2Mrm
1257763,Kevin Roldán,False,1RBzGO6Nm3uyhUSxP7EDWO
418601,Taio Cruz,False,6MF9fzBmfXghAz953czmBC
1887202,Internet Money,False,6MPCFvOQv5cIGfw3jODMF0
39285,Charlie Brown Jr.,False,1on7ZQ2pvgeQF4vmIA09x5
1773,Paul Simon,False,2CvCyf1gEVhI0mX6aFXmVI
446247,Sean Kingston,False,6S0dmVVn4udvppDhZIWxCr
1830,Alan Jackson,False,4mxWe1mtYIYfP040G38yvS
1823875,Guaynaa,False,0BqURncJM5B1BBu7UM51eq
50491,Martin Solveig,False,1bj5GrcLom5gZFF5t949Xl
963757,MKTO,False,
730893,Tainy,False,16fFohBgqTIybxpeYj5G0j
1247252,AJ Tracey,False,4Xi6LSfFqv26XgP9NKN26U
2215012,Banda El Recodo,False,
94349,The National,False,2cCUtGK9sDU2EoElnk0GNB
890092,Yellow Claw,False,47z7ZrgFoBvVpCnElCE3Zh
1289227,Mon Laferte,False,4boI7bJtmB1L3b1cuL75Zr
14410,Nat King Cole,False,7v4imS0moSyGdXyLgVTIV7
632,Chayanne,False,1JbemQ1fPt2YmSLjAFhPBv
1811,Roxette,False,2SHhfs4BiDxGQ3oxqf0UHY
379514,Plan B,False,7qlh1IM1XMeQXA9ukp59au
910299,John Newman,False,34v5MVKeQnIo0CWYMbbrPf
1635780,Saweetie,False,6cK3NBO6uP7hh0oyuVELFl
1603398,Yung Gravy,False,2YOYua8FpudSEiB9s88IgQ
1710849,Granular Sky,False,
726072,Nipsey Hussle,False,0EeQBlQJFiAfJeVN2vT9s0
685411,Stromae,False,5j4HeCoUlzhfWtjAfM1acR
1569763,Alex Rose,False,2DspEsT7UXGKd2VaaedgG4
265878,José José,False,
1269100,Chelsea Cutler,False,5JMLG56F1X5mFmWNmS0iAp
1526311,Beret,False,
1492424,DJ Luian,False,64aJYyrXljOodnUG6jvhRD
2390,Nina Simone,False,7G1GBhoKtEPnP86X2PvEYO
973,Shania Twain,False,5e4Dhzv426EvQe3aDb64jL
1236601,Ezhel,False,6LnJKrtFnTEGdbWQ2riWCL
2116,Electric Light Orchestra,False,7jefIIksOi1EazgRTfW2Pk
311401,Calle 13,False,0yNSzH5nZmHzeE2xn6Xshb
357688,Lily Allen,False,13saZpZnCDWOI9D4IJhp1f
37180,Marco Antonio Solís,False,
1663900,Aitana,False,7eLcDZDYHXZCebtQmVFL25
731790,Mambo Kingz,False,2T1aUibqR2QC2sINIDQOAK
211847,Bullet for My Valentine,False,7iWiAD5LLKyiox2grgfmUT
1607,Dolly Parton,False,32vWCbZh0xZ4o9gkz4PsEU
30600,Brad Paisley,False,13YmWQJFwgZrd4bf5IjMY4
730638,Chencho Corleone,False,37230BxxYs9ksS7OkZw3IU
463933,deadmau5,False,2CIMQHirSU0MQqyYHq0eOx
40922,Simple Plan,False,2p4FqHnazRucYQHyDCdBrJ
107513,Los Temerarios,False,
1220000,Cat Stevens,False,1ygnFQb0wvgWFS4P020EaY
198,Sade,False,47zz7sob9NUcODy0BTDvKx
2261,*NSYNC,False,6Ff53KvcvAj5U7Z1vojB5o
187983,The Pussycat Dolls,False,6wPhSqRtPu1UhRCDX5yaDJ
11047,Lionel Richie,False,3gMaNLQm7D9MornNILzdSl
1317751,League of Legends,False,
509,Goo Goo Dolls,False,2sil8z5kiy4r76CRTXxBCA
35536,Chia Chou,False,2elBjNSdBE2Y3f0j1mjrql
1004282,Mike Perry,False,
46134,David Bisbal,False,5gOJTI4TusSENizxhcG7jB
1427692,Tom Walker,False,7z2avKuuiMAT4XZJFv8Rvh
1678838,Dilsinho,False,4NUePmzDvCYqilXBFa91Hg
14462,Kylie Minogue,False,4RVnAU35WRWra6OZ3CbbMA
84601,will.i.am,False,085pc2PYOi8bGKj0PNjekA
794875,Mr. Probz,False,33W1pnW9zScZtYTnAoWnOT
1234863,Ferrugem,False,
1378410,James TW,False,0B3N0ZINFWvizfa8bKiz4v
1117989,Bea Miller,False,1o2NpYGqHiCq7FoiYdyd1x
11540,The Who,False,67ea9eGLXYMsO2eYQRui3w
78755,Natalia Lafourcade,False,1hcdI2N1023RvSwLzTtdsp
1472176,Dennis Lloyd,False,3EOEK57CV77D4ovYVcmiyt
163234,Miranda Lambert,False,66lH4jAE7pqPlOlzUKbwA0
6083,Willie Nelson,False,5W5bDNCqJ1jbCgTxDD0Cb3
542846,Summer Cem,False,3drqpTL4sQOckmAfF9i1wg
1720785,Lalo Ebratt,False,1GAymyGBvB4gQy5Z5LZ1Wj
373944,Angus Stone,False,4tvKz56Tr39bkhcQUTO0Xr
995623,Gavin James,False,25tMQOrIU4LlUo6Sv8v5SE
99,Bing Crosby,False,6ZjFtWeHP9XN7FeKSUe80S
58497,Tech N9ne,False,6UBA15slIuadJ8h2lPRPos
1175507,Oh Wonder,False,5cIc3SBFuBLVxJz58W2tU9
1360635,Olivia O’Brien,False,1QRj3hoop9Mv5VvHQkwPEp
1712784,girl in red,False,3uwAm6vQy7kWPS2bciKWx9
56574,Audioslave,False,2ziB7fzrXBoh1HUPS6sVFn
1370934,Brett Young,False,0fiWOxhsBsQQvFDtxUQWo0
1556586,Greeicy,False,5dbaLmK5SHLLg8Z4CcTJpX
1496164,YUNGBLUD,False,6Ad91Jof8Niiw0lGLLi3NW
1477,Tracy Chapman,False,7oPgCQqMMXEXrNau5vxYZP
1271873,Kiiara,False,4u5smJBskI6Adzv08PuiUP
1145862,Jack & Jack,False,1INuLZXjjVbcJRyWvD1iSq
12779,Bill Withers,False,1ThoqLcyIYvZn7iWbj8fsj
1980524,Surfaces,False,4ETSs924pXMzjIeD6E9b4u
1253380,Lil’ Kleine,False,
1949,Dido,False,2mpeljBig2IXLXRAFO9AAs
1266982,KSI,False,1nzgtKYFckznkcVMR3Gg4z
269029,Jeezy,False,4yBK75WVCQXej1p04GWqxH
2126,Tears for Fears,False,4bthk9UfsYUYdcFyqxmSUU
11285,Wolfgang Amadeus Mozart,False,4NJhFmfw43RLBLjQvxDuRS
231,Cyndi Lauper,False,2BTZIqw0ntH9MvilQ3ewNY
2047665,Grupo Firme,False,
375,Will Smith,False,41qil2VaGbD194gaEcmmyx
1049603,Jasmine Thompson,False,2TL8gYTNgD6nXkyuUdDrMg
1312914,Ruth B.,False,2WzaAvm2bBCf4pEhyuDgCY
361,Blur,False,7MhMgCo0Bl0Kukl93PZbYS
1389558,Rich Brian,False,2IDLDx25HU1nQMKde4n61a
1786,Ella Fitzgerald,False,5V0MlUE1Bft0mbLlND7FJz
1066704,Alina Baraz,False,6hfwwpXqZPRC9CsKI7qtv1
1167241,Sofía Reyes,False,0haZhu4fFKt0Ag94kZDiz2
994546,Jon Pardi,False,4MoAOfV4ROWofLG3a3hhBN
268788,Jowell & Randy,False,4IMAo2UQchVFyPH24PAjUs
1616,Tina Turner,False,1zuJe6b1roixEKMOtyrEak
366,Lenny Kravitz,False,5gznATMVO85ZcLTkE9ULU7
1492,Genesis,False,3CkvROUTQ6nRi9yQOcsB50
41306,Sin Bandera,False,7xeM7V59cA1X8GKyKKQV87
1441701,Feid,False,2LRoIwlKmHjgvigdNGBHNo
1162500,Ludmilla Dabo,False,3CDoRporvSjdzTrm99a3gi
23003,Selena,False,6IE6z7DcZIT4Ml3Fh5Ivch
1596417,Lil Xan,False,3EXdLajEO02ziZ90P90bSW
739787,Brantley Gilbert,False,5q8HGNo0BjLWaTAhRtbwxa
1024929,Tori Kelly,False,1vSN1fsvrzpbttOYGsliDr
2735,ZZ Top,False,2AM4ilv6UzW0uMRuqKtDgN
202067,Ramin Djawadi,False,1hCkSJcXREhrodeIHQdav8
2944,TLC,False,0TImkz4nPqjegtVSMZnMRq
1743,Louis Armstrong,False,19eLuQmk9aCobbVDHc6eek
1126615,Snakehips,False,2FwJwEswyIUAljqgjNSHgP
38040,Natiruts,False,
984625,Cigarettes After Sex,False,1QAJqy2dA3ihHBFIHRphZj
1085653,Oliver Heldens,False,5nki7yRhxgM509M5ADlN1p
283545,Skepta,False,2p1fiYHYiXz9qi0JJyxBzN
1583680,Neffex,False,3z97WMRi731dCvKklIf2X6
309399,Lupe Fiasco,False,01QTIT5P1pFP3QnnFSdsJf
976,Dean Martin,False,49e4v89VmlDcFCMyDv9wQ9
739736,The Head and the Heart,False,0n94vC3S9c3mb2HyNAOcjg
489870,Lykke Li,False,6oBm8HB0yfrIc9IHbxs6in
654690,Tinie Tempah,False,0Tob4H0FLtEONHU1MjpUEp
1291762,Maggie Lindemann,False,0uGk2czvcpWQA383Im6ajf
1616649,Luísa Sonza,False,4PzYKhC14sTJNEr0dzoo0d
1650772,Capo Plaza,False,
181386,Lil Jon,False,7sfl4Xt5KmfyDs2T3SVSMK
16275,Toby Keith,False,2bA6fzP0lMAQ4kz6CF61w8
42,Beck,False,3vbKDsSS70ZX9D2OcvbZmS
1175935,Lauren Daigle,False,40LHVA5BTQp9RxHOQ9JPYj
12473,Spice Girls,False,0uq5PttqEjj3IH1bzwcrXF
1101421,ZHU,False,28j8lBWDdDSHSSt5oPlsX2
311,Cher,False,72OaDtakiy6yFqkt4TsiFt
178910,Timbaland,False,5Y5TRrQiqgUO4S36tzjIRZ
189913,Juicy J,False,5gCRApTajqwbnHHPbr2Fpi
1397042,Pabllo Vittar,False,6tzRZ39aZlNqlUzQlkuhDV
1628326,Dynoro,False,3v6Ji4uoWtKRkhuDUaxi9n
1502637,Ghostemane,False,3uL4UpqShC4p2x1dJutoRW
482,Alice in Chains,False,64tNsm6TnZe2zpcMVMOoHL
396940,Chris Young,False,4BYxqVkZyFjtik7crYLg5Q
1244667,Álvaro Soler,False,2urF8dgLVfDjunO0pcHUEe
40676,Gustavo Cerati,False,1QOmebWGB6FdFtW7Bo3F0W
240192,Salaam Remi,False,0rlS0SzVFk8BoiAW0fGBbN
1464190,Bruno Martini,False,5veVxxPm1vzgi6pO2iVA8L
577425,IU,False,3HqSLMAZ3g3d5poNaI7GOU
1135745,Martin Tungevaag,False,
150016,Los Bukis,False,16kOCiqZ1auY4sokSeZuKf
466530,Kina,False,
915508,Vince Staples,False,68kEuyFKyqrdQQLLsmiatm
11999,Mary J. Blige,False,1XkoF8ryArs86LZvFOkbyr
50832,Seether,False,6B5c4sch27tWHAGdarpPaW
58875,The All‐American Rejects,False,3vAaWhdBR38Q02ohXqaNHT
443,Andrea Bocelli,False,3EA9hVIzKfFiQI0Kikz2wo
1346646,Kris Kross Amsterdam,False,
152260,Max Richter,False,2VZNmg4vCnew4Pavo8zDdW
1200384,Leon Bridges,False,3qnGvpP8Yth1AqSBMqON5x
1277721,Brent Faiyaz,False,3tlXnStJ1fFhdScmQeLpuG
147928,Showtek,False,3gk0OYeLFWYupGFRHqLSR7
613149,Cash Cash,False,1LOB7jTeEV14pHai6EXSzF
856920,Timmy Trumpet,False,0CbeG1224FS58EUx4tPevZ
40462,Intocable,False,
1177894,BØRNS,False,1KP6TWI40m7p3QBTU6u2xo
823,a‐ha,False,2jzc5TC5TVFLXQlBNiIUzE
771764,AWOLNATION,False,4njdEjTnLfcGImKZu1iSrz
380,Deftones,False,6Ghvu1VvMGScGpOUJBAHNH
382866,Camila,False,2gRP1Ezbtj3qrERnd0XasU
1362611,Simone Simone,False,0MInKJqZscEeNc5K3K0mkE
1697796,Melim,False,
1748,Otis Redding,False,60df5JBRRPcnSpsIMxxwQm
1393752,A R I Z O N A,False,7hOGhpa8RMSuDOWntGIAJt
1101100,Jacquees,False,4tMm1dU6Gn04VAZ9ClHcIZ
1288082,Petit Biscuit,False,6gK1Uct5FEdaUWRWpU4Cl2
2125,Supertramp,False,3JsMj0DEzyWc0VDlHuy9Bx
249,Pixies,False,6zvul52xwTWzilBZl6BUbT
381516,Foals,False,6FQqZYVfTNQ1pCqfkwVFEa
672447,Emeli Sandé,False,7sfgqEdoeBTjd8lQsPT3Cy
374763,Jake Owen,False,1n2pb9Tsfe4SwAjmUac6YT
2504,Wu‐Tang Clan,False,34EP7KEpOjXcM2TCat1ISk
21961,Death Cab for Cutie,False,0YrtvWJMgSdVrk3SfNjTbx
1033018,Dadju,False,4sbXXFzEWJY2zsZjelerjX
1388298,NCT 127,False,7f4ignuCJhLXfZ9giKT7rH
1559,Craig David,False,2JyWXPbkqI5ZJa3gwqVa0c
1360116,Frenna,False,
1589829,Gustavo Mioto,False,1X6ORK7IekgmyjV6IFPszP
92744,A Tribe Called Quest,False,09hVIj6vWgoCDtT03h8ZCa
953,Counting Crows,False,0vEsuISMWAKNctLlUAhSZC
1436,Foreigner,False,6IRouO5mvvfcyxtPDKMYFN
778570,Grouplove,False,3kVUvbeRdcrqQ3oHk5hPdx
1772646,Dominic Fike,False,6USv9qhCn6zfxlBQIYJ9qs
859384,Cro,False,3utZ2yeQk0Z3BCOBWP7Vlu
502,Dave Matthews Band,False,2TI7qyDE0QfyOlnbtfDo7L
32197,Missy Elliott,False,2wIVse2owClT7go1WT98tk
1344,Sam Cooke,False,6hnWRPzGGKiapVX1UCdEAC
9606,Beastie Boys,False,03r4iKL2g2442PT9n2UKsx
1037,Talking Heads,False,2x9SpqnPi8rlE9pjHBwmSC
1114671,Kaleo,False,7jdFEYD2LTYjfwxOdlVjmc
1550995,Regard,False,4ofCBoyEiGSePFAG500xev
992129,Gemitaiz,False,4upwdFMlZBmQ68jP9jPzjK
11669,Ludacris,False,3ipn9JLAPI5GUEo4y4jcoi
895608,Dustin Lynch,False,1dID9zgn0OV0Y8ud7Mh2tS
1206099,The Score,False,2q3GG88dVwuQPF4FmySr9I
1104,Megadeth,False,1Yox196W7bzVNZI7RBaPnf
827914,Río Roma,False,2O3v9rCTzLhPFaGaAVgZLt
132,The Temptations,False,3RwQ26hR2tJtA8F9p2n7jG
802603,Banda Los Recoditos,False,
40,Alanis Morissette,False,6ogn9necmbUdCppmNnGOdi
1219113,Kungs,False,7keGfmQR4X5w0two1xKZ7d
53798,Stone Sour,False,49qiE8dj4JuNdpYGRPdKbF
1302355,SCH,False,2kXKa3aAFngGz2P4GjG5w2
2009378,María Becerra,False,1DxLCyH42yaHKGK3cl5bvG
1528,Grateful Dead,False,4TMHGUX5WI7OOm53PqSDAT
1377277,Two Feet,False,5sWHDYs0csV6RS48xBl0tH
1147225,La Adictiva Banda San José de Mesillas,False,49EE6lVLgU8sp7dFgPshgM
1676788,beabadoobee,False,35l9BRT7MXmM8bv2WDQiyB
769555,Icona Pop,False,1VBflYyxBhnDc9uVib98rw
561811,Empire of the Sun,False,67hb7towEyKvt5Z8Bx306c
763963,Brett Eldredge,False,0qSX3s5pJnAlSsgsCne8Cz
359,Moby,False,3OsRAKCvk37zwYcnzRf5XF
1283418,MadeinTYO,False,5SyGEPymt1G2uto47tVWvZ
1275835,Famous Dex,False,0WOxhx4hikIsyF3CRPLC8W
85714,Gloria Trevi,False,1Db5GsIoVWYktPoD2nnPZZ
11050,Tom Petty and the Heartbreakers,False,4tX2TplrkIP4v05BNC903e
983726,Ella Eyre,False,66TrUkUZ3RM29dqeDQRgyA
853091,Lindsey Stirling,False,378dH6EszOLFShpRzAQkVM
480986,ONE OK ROCK,False,7k73EtZwoPs516ZxE72KsO
141,Eurythmics,False,0NKDgy9j66h3DLnN8qu1bB
597046,LMFAO,False,3sgFRtyBnxXD5ESfmbK4dl
1498015,RIN,False,18ISxWwWjV6rPLoVCXf1dz
1165234,Kelsea Ballerini,False,3RqBeV12Tt7A8xH3zBDDUF
115320,Gym Class Heroes,False,4IJczjB0fJ04gs4uvP0Fli
64499,M.I.A.,False,0QJIPDAEDILuo8AIq3pMuU
41061,Los Enanitos Verdes,False,4TK1gDgb7QKoPFlzRrBRgR
1596237,Ultimo,False,
1034075,Disciples,False,5EehXjjMktLuJmbRsM7YfB
1167977,KSHMR,False,2wX6xSig4Rig5kZU6ePlWe
95067,Darius Rucker,False,7FY5V3XMwlNBPitEjXowHQ
996953,A Great Big World,False,5xKp3UyavIBUsGy3DQdXeF
32814,Fat Joe,False,
237424,Phoenix,False,1xU878Z1QtBldR7ru9owdU
971974,KC Rebell,False,5p7mWeX4RlvqBCxylfiXdE
1261070,Roy Woods,False,7mDU6nMUJnOSY2Hkjz5oqM
1356579,EDEN,False,1t20wYnTiAT0Bs7H1hv9Wt
631249,James Blake,False,53KwLdlmrlCelAZMaLVZqU
2130,Juan Luis Guerra y 4.40,False,
1216723,AURORA,False,1WgXqy2Dd70QQOU7Ay074N
840037,Canserbero,False,
838051,Salmo,False,
1279452,Vintage Culture,False,28uJnu5EsrGml2tBd7y8ts
22572,Bunbury,False,4uqzzJg3ww5eH7IgGV7DMT
59085,Iron & Wine,False,4M5nCE77Qaxayuhp3fVn4V
527153,BIGBANG,False,4Kxlr1PRlDKEB0ekOCyHgX
464,No Doubt,False,0cQbJU1aAzvbEmTuljWLlF
998,Jamiroquai,False,6J7biCazzYhU3gM9j1wfid
1289687,Digital Farm Animals,False,5fyDppLDl1juIu1BcUT5zh
743338,WILLOW,False,3rWZHrfrsPBxVy692yAIxF
1755279,Kevin O Chris,False,2UMj7NCbuqy1yUZmiSYGjJ
1721254,Ben,False,4DAcJXcjX0zlQAZAPAx4Zb
532,UB40,False,69MEO1AADKg1IZrq2XLzo5
1491493,Smokepurpp,False,21dooacK2WGBB5amYvKyfM
1366936,Official髭男dism,False,5Vo1hnCRmCM6M4thZCInCj
1267070,Burna Boy,False,3wcj11K77LjEY1PkEazffa
1501771,Wallows,False,0NIPkIjTV8mB795yEIiPYL
35481,Ricardo Montaner,False,4uoz4FUMvpeyGClFTTDBsD
14342,Laura Pausini,False,2e4nwiX8ZCU09LGLOpeqTH
869252,Thiaguinho,False,
54861,Kaskade,False,6TQj5BFPooTa08A7pk8AQ1
429373,Duke Dumont,False,61lyPtntblHJvA7FMMhi7E
1587139,Eladio Carrión,False,5XJDexmWFLWOkjOEjOVX3e
798823,Alle Farben,False,61ipISvUVa5LkJlKZnm3Oo
127,James Taylor,False,0vn7UBvSQECKJm2817Yf1P
2351,Brooks & Dunn,False,0XKOBt59crntr7HQXXO8Yz
431,The Kinks,False,1SQRv42e4PjEYfPhS0Tk9E
817809,Falling in Reverse,False,2CmaKO2zEGJ1NWpS1yfVGz
972925,American Authors,False,0MlOPi3zIDMVrfA9R04Fe3
2107,Leonard Cohen,False,5l8VQNuIg0turYE1VtM9zV
1669173,Micro TDH,False,04whZxbt9HZvCfbBYZM6fx
2077,Pantera,False,14pVkFUHDL207LzLHtSA18
1761048,TOMORROW X TOGETHER,False,0ghlgldX5Dd6720Q3qFyQB
2726,Chicago,False,3iDD7bnsjL9J4fO298r0L0
